phrase,instrument
Myo,Mayo Scissors
surgical Mayo,Mayo Scissors
mo,Mayo Scissors
moi,Mayo Scissors
mayo scissors,Mayo Scissors
MAYO SCISSORS,Mayo Scissors
maiyo scissors,Mayo Scissors
mayyo scissors,Mayo Scissors
meyo scissors,Mayo Scissors
mayo scisors,Mayo Scissors
mayo scizzors,Mayo Scissors
mayo scisor,Mayo Scissors
surgical scissors,Mayo Scissors
mera,Mayo Scissors
Mayo,Mayo Scissors
Pass me the Mayo Scissors,Mayo Scissors
Give me the Mayo Scissors,Mayo Scissors
Can I have the Mayo Scissors?,Mayo Scissors
Mayo Scissors,Mayo Scissors
Can I have the Mayo Scissors,Mayo Scissors
Hand me the Mayo Scissors.,Mayo Scissors
I need the Mayo Scissors,Mayo Scissors
"Mayo Scissors, please",Mayo Scissors
Bring the Mayo Scissors.,Mayo Scissors
Fetch the Mayo Scissors,Mayo Scissors
Get me the Mayo Scissors.,Mayo Scissors
Where are the Mayo Scissors,Mayo Scissors
Do you have the Mayo Scissors,Mayo Scissors
Do you have the Mayo Scissors?,Mayo Scissors
Could you pass the Mayo Scissors?,Mayo Scissors
Could you pass the Mayo Scissors,Mayo Scissors
Would you hand over the Mayo Scissors?,Mayo Scissors
Would you hand over the Mayo Scissors,Mayo Scissors
Is the Mayo Scissors ready?,Mayo Scissors
Is the Mayo Scissors ready,Mayo Scissors
Are the Mayo Scissors on the tray?,Mayo Scissors
Are the Mayo Scissors on the tray,Mayo Scissors
Did you prep the Mayo Scissors?,Mayo Scissors
Did you prep the Mayo Scissors,Mayo Scissors
Have you got the Mayo Scissors,Mayo Scissors
Have you got the Mayo Scissors?,Mayo Scissors
Lets use the Mayo Scissors.,Mayo Scissors
Ill take the Mayo Scissors now.,Mayo Scissors
We need the Mayo Scissors for this,Mayo Scissors
Mayo Scissors now!,Mayo Scissors
"Quick, pass the Mayo Scissors",Mayo Scissors
Mayo,Mayo Scissors
Pass me the Mayo,Mayo Scissors
Give me the Mayo,Mayo Scissors
Can I have the Mayo?,Mayo Scissors
Can I have the Mayo,Mayo Scissors
Hand me the Mayo.,Mayo Scissors
I need the Mayo,Mayo Scissors
"Mayo, please",Mayo Scissors
Bring the Mayo.,Mayo Scissors
Fetch the Mayo,Mayo Scissors
Get me the Mayo.,Mayo Scissors
Where are the Mayo,Mayo Scissors
Do you have the Mayo,Mayo Scissors
Do you have the Mayo?,Mayo Scissors
Could you pass the Mayo?,Mayo Scissors
Could you pass the Mayo,Mayo Scissors
Would you hand over the Mayo?,Mayo Scissors
Would you hand over the Mayo,Mayo Scissors
Is the Mayo ready?,Mayo Scissors
Is the Mayo ready,Mayo Scissors
Are the Mayo on the tray?,Mayo Scissors
Are the Mayo on the tray,Mayo Scissors
Did you prep the Mayo?,Mayo Scissors
Did you prep the Mayo,Mayo Scissors
Have you got the Mayo,Mayo Scissors
Have you got the Mayo?,Mayo Scissors
Lets use the Mayo.,Mayo Scissors
Ill take the Mayo now.,Mayo Scissors
We need the Mayo for this,Mayo Scissors
Mayo now!,Mayo Scissors
"Quick, pass the Mayo",Mayo Scissors
Pass me the Bandage Scissors,Bandage Scissors
Give me the Bandage Scissors,Bandage Scissors
Can I have the Bandage Scissors?,Bandage Scissors
bandage scissors,Bandage Scissors
BANDAGE SCISSORS,Bandage Scissors
bandage scisors,Bandage Scissors
bandage scizzors,Bandage Scissors
bandage scisor,Bandage Scissors
bandage sizzer,Bandage Scissors
bandage sizors,Bandage Scissors
bandage sisors,Bandage Scissors
bandage cutter,Bandage Scissors
dressing scissors,Bandage Scissors
bandgo,Bandage Scissors
band scissor,Bandage Scissors
band scizor,Bandage Scissors
band scccirrror,Bandage Scissors
band ,Bandage Scissors
bandage sizors,Bandage Scissors
Bandage Scissors,Bandage Scissors
Bandage scisor,Bandage Scissors
bandage cutter,Bandage Scissors
I need the bandage scissors,Bandage Scissors
Where's the bandage scissor,Bandage Scissors
bandage scissor,Bandage Scissors
Bandage ,Bandage Scissors
Can I have the Bandage Scissors,Bandage Scissors
Hand me the Bandage Scissors.,Bandage Scissors
I need the Bandage Scissors,Bandage Scissors
"Bandage Scissors, please",Bandage Scissors
Bring the Bandage Scissors.,Bandage Scissors
Fetch the Bandage Scissors,Bandage Scissors
Get me the Bandage Scissors.,Bandage Scissors
Where are the Bandage Scissors,Bandage Scissors
Do you have the Bandage Scissors,Bandage Scissors
Do you have the Bandage Scissors?,Bandage Scissors
Could you pass the Bandage Scissors?,Bandage Scissors
Could you pass the Bandage Scissors,Bandage Scissors
Would you hand over the Bandage Scissors?,Bandage Scissors
Would you hand over the Bandage Scissors,Bandage Scissors
Is the Bandage Scissors ready?,Bandage Scissors
Is the Bandage Scissors ready,Bandage Scissors
Are the Bandage Scissors on the tray?,Bandage Scissors
Are the Bandage Scissors on the tray,Bandage Scissors
Did you prep the Bandage Scissors?,Bandage Scissors
Did you prep the Bandage Scissors,Bandage Scissors
Have you got the Bandage Scissors,Bandage Scissors
Have you got the Bandage Scissors?,Bandage Scissors
Lets use the Bandage Scissors.,Bandage Scissors
Ill take the Bandage Scissors now.,Bandage Scissors
We need the Bandage Scissors for this,Bandage Scissors
Bandage Scissors now!,Bandage Scissors
"Quick, pass the Bandage Scissors",Bandage Scissors
Bandage,Bandage Scissors
Pass me the Bandage,Bandage Scissors
Give me the Bandage,Bandage Scissors
Can I have the Bandage?,Bandage Scissors
Can I have the Bandage,Bandage Scissors
Hand me the Bandage.,Bandage Scissors
I need the Bandage,Bandage Scissors
"Bandage, please",Bandage Scissors
Bring the Bandage.,Bandage Scissors
Fetch the Bandage,Bandage Scissors
Get me the Bandage.,Bandage Scissors
Where are the Bandage,Bandage Scissors
Do you have the Bandage,Bandage Scissors
Do you have the Bandage?,Bandage Scissors
Could you pass the Bandage?,Bandage Scissors
Could you pass the Bandage,Bandage Scissors
Would you hand over the Bandage?,Bandage Scissors
Would you hand over the Bandage,Bandage Scissors
Is the Bandage ready?,Bandage Scissors
Is the Bandage ready,Bandage Scissors
Are the Bandage on the tray?,Bandage Scissors
Are the Bandage on the tray,Bandage Scissors
Did you prep the Bandage?,Bandage Scissors
Did you prep the Bandage,Bandage Scissors
Have you got the Bandage,Bandage Scissors
Have you got the Bandage?,Bandage Scissors
Lets use the Bandage.,Bandage Scissors
Ill take the Bandage now.,Bandage Scissors
We need the Bandage for this,Bandage Scissors
Bandage now!,Bandage Scissors
"Quick, pass the Bandage",Bandage Scissors
Pass me the Curved Kelly Hemostatic Forceps,Curved Kelly Hemostatic Forceps
Curved  Hemostatic Forceps,Curved Kelly Hemostatic Forceps
curved kelly hemostatic forceps,Curved Kelly Hemostatic Forceps
Curved Kelly Hemostatic Forceps,Curved Kelly Hemostatic Forceps
CURVED KELLY HEMOSTATIC FORCEPS,Curved Kelly Hemostatic Forceps
curve kelly forceps,Curved Kelly Hemostatic Forceps
curved kelly forsips,Curved Kelly Hemostatic Forceps
curved kelly phorceps,Curved Kelly Hemostatic Forceps
curved kelly fourceps,Curved Kelly Hemostatic Forceps
curved kelly hemmostatic forceps,Curved Kelly Hemostatic Forceps
curved kelly heamostatic forceps,Curved Kelly Hemostatic Forceps
curv kelly forceps,Curved Kelly Hemostatic Forceps
kurved kelly forceps,Curved Kelly Hemostatic Forceps
curved forceps,Curved Kelly Hemostatic Forceps
kurved forceps,Curved Kelly Hemostatic Forceps
Curved Kelly ,Curved Kelly Hemostatic Forceps
Curved Kelly Hemostatic Forceps,Curved Kelly Hemostatic Forceps
Curved Kelly Hemostatic Forceps,Curved Kelly Hemostatic Forceps
Curved forceps,Curved Kelly Hemostatic Forceps
Kelly clamp,Curved Kelly Hemostatic Forceps
Curve clamp,Curved Kelly Hemostatic Forceps
Curved Hemostat,Curved Kelly Hemostatic Forceps
Curved Kelly  Forceps,Curved Kelly Hemostatic Forceps
Give me the Curved Kelly Hemostatic Forceps,Curved Kelly Hemostatic Forceps
Can I have the Curved Kelly Hemostatic Forceps?,Curved Kelly Hemostatic Forceps
Can I have the Curved Kelly Hemostatic Forceps,Curved Kelly Hemostatic Forceps
Hand me the Curved Kelly Hemostatic Forceps.,Curved Kelly Hemostatic Forceps
I need the Curved Kelly Hemostatic Forceps,Curved Kelly Hemostatic Forceps
"Curved Kelly Hemostatic Forceps, please",Curved Kelly Hemostatic Forceps
Bring the Curved Kelly Hemostatic Forceps.,Curved Kelly Hemostatic Forceps
Fetch the Curved Kelly Hemostatic Forceps,Curved Kelly Hemostatic Forceps
Get me the Curved Kelly Hemostatic Forceps.,Curved Kelly Hemostatic Forceps
Where are the Curved Kelly Hemostatic Forceps,Curved Kelly Hemostatic Forceps
Do you have the Curved Kelly Hemostatic Forceps,Curved Kelly Hemostatic Forceps
Do you have the Curved Kelly Hemostatic Forceps?,Curved Kelly Hemostatic Forceps
Could you pass the Curved Kelly Hemostatic Forceps?,Curved Kelly Hemostatic Forceps
Could you pass the Curved Kelly Hemostatic Forceps,Curved Kelly Hemostatic Forceps
Would you hand over the Curved Kelly Hemostatic Forceps?,Curved Kelly Hemostatic Forceps
Would you hand over the Curved Kelly Hemostatic Forceps,Curved Kelly Hemostatic Forceps
Is the Curved Kelly Hemostatic Forceps ready?,Curved Kelly Hemostatic Forceps
Is the Curved Kelly Hemostatic Forceps ready,Curved Kelly Hemostatic Forceps
Are the Curved Kelly Hemostatic Forceps on the tray?,Curved Kelly Hemostatic Forceps
Are the Curved Kelly Hemostatic Forceps on the tray,Curved Kelly Hemostatic Forceps
Did you prep the Curved Kelly Hemostatic Forceps?,Curved Kelly Hemostatic Forceps
Did you prep the Curved Kelly Hemostatic Forceps,Curved Kelly Hemostatic Forceps
Have you got the Curved Kelly Hemostatic Forceps,Curved Kelly Hemostatic Forceps
Have you got the Curved Kelly Hemostatic Forceps?,Curved Kelly Hemostatic Forceps
Lets use the Curved Kelly Hemostatic Forceps.,Curved Kelly Hemostatic Forceps
Ill take the Curved Kelly Hemostatic Forceps now.,Curved Kelly Hemostatic Forceps
We need the Curved Kelly Hemostatic Forceps for this,Curved Kelly Hemostatic Forceps
Curved Kelly Hemostatic Forceps now!,Curved Kelly Hemostatic Forceps
"Quick, pass the Curved Kelly Hemostatic Forceps",Curved Kelly Hemostatic Forceps
Curved Kelly,Curved Kelly Hemostatic Forceps
Pass me the Curved Kelly,Curved Kelly Hemostatic Forceps
Give me the Curved Kelly,Curved Kelly Hemostatic Forceps
Can I have the Curved Kelly?,Curved Kelly Hemostatic Forceps
Can I have the Curved Kelly,Curved Kelly Hemostatic Forceps
Hand me the Curved Kelly.,Curved Kelly Hemostatic Forceps
I need the Curved Kelly,Curved Kelly Hemostatic Forceps
"Curved Kelly, please",Curved Kelly Hemostatic Forceps
Bring the Curved Kelly.,Curved Kelly Hemostatic Forceps
Fetch the Curved Kelly,Curved Kelly Hemostatic Forceps
Get me the Curved Kelly.,Curved Kelly Hemostatic Forceps
Where are the Curved Kelly,Curved Kelly Hemostatic Forceps
Do you have the Curved Kelly,Curved Kelly Hemostatic Forceps
Do you have the Curved Kelly?,Curved Kelly Hemostatic Forceps
Could you pass the Curved Kelly?,Curved Kelly Hemostatic Forceps
Could you pass the Curved Kelly,Curved Kelly Hemostatic Forceps
Would you hand over the Curved Kelly?,Curved Kelly Hemostatic Forceps
Would you hand over the Curved Kelly,Curved Kelly Hemostatic Forceps
Is the Curved Kelly ready?,Curved Kelly Hemostatic Forceps
Is the Curved Kelly ready,Curved Kelly Hemostatic Forceps
Are the Curved Kelly on the tray?,Curved Kelly Hemostatic Forceps
Are the Curved Kelly on the tray,Curved Kelly Hemostatic Forceps
Did you prep the Curved Kelly?,Curved Kelly Hemostatic Forceps
Did you prep the Curved Kelly,Curved Kelly Hemostatic Forceps
Have you got the Curved Kelly,Curved Kelly Hemostatic Forceps
Have you got the Curved Kelly?,Curved Kelly Hemostatic Forceps
Lets use the Curved Kelly.,Curved Kelly Hemostatic Forceps
Ill take the Curved Kelly now.,Curved Kelly Hemostatic Forceps
We need the Curved Kelly for this,Curved Kelly Hemostatic Forceps
Curved Kelly now!,Curved Kelly Hemostatic Forceps
"Quick, pass the Curved Kelly",Curved Kelly Hemostatic Forceps
Curved,Curved Kelly Hemostatic Forceps
Pass me the Curved,Curved Kelly Hemostatic Forceps
Give me the Curved,Curved Kelly Hemostatic Forceps
Can I have the Curved?,Curved Kelly Hemostatic Forceps
Can I have the Curved,Curved Kelly Hemostatic Forceps
Hand me the Curved.,Curved Kelly Hemostatic Forceps
I need the Curved,Curved Kelly Hemostatic Forceps
"Curved, please",Curved Kelly Hemostatic Forceps
Bring the Curved.,Curved Kelly Hemostatic Forceps
Fetch the Curved,Curved Kelly Hemostatic Forceps
Get me the Curved.,Curved Kelly Hemostatic Forceps
Where are the Curved,Curved Kelly Hemostatic Forceps
Do you have the Curved,Curved Kelly Hemostatic Forceps
Do you have the Curved?,Curved Kelly Hemostatic Forceps
Could you pass the Curved?,Curved Kelly Hemostatic Forceps
Could you pass the Curved,Curved Kelly Hemostatic Forceps
Would you hand over the Curved?,Curved Kelly Hemostatic Forceps
Would you hand over the Curved,Curved Kelly Hemostatic Forceps
Is the Curved ready?,Curved Kelly Hemostatic Forceps
Is the Curved ready,Curved Kelly Hemostatic Forceps
Are the Curved on the tray?,Curved Kelly Hemostatic Forceps
Are the Curved on the tray,Curved Kelly Hemostatic Forceps
Did you prep the Curved?,Curved Kelly Hemostatic Forceps
Did you prep the Curved,Curved Kelly Hemostatic Forceps
Have you got the Curved,Curved Kelly Hemostatic Forceps
Have you got the Curved?,Curved Kelly Hemostatic Forceps
Lets use the Curved.,Curved Kelly Hemostatic Forceps
Ill take the Curved now.,Curved Kelly Hemostatic Forceps
We need the Curved for this,Curved Kelly Hemostatic Forceps
Curved now!,Curved Kelly Hemostatic Forceps
"Quick, pass the Curved",Curved Kelly Hemostatic Forceps
Curved Forceps,Curved Kelly Hemostatic Forceps
Pass me the Curved Forceps,Curved Kelly Hemostatic Forceps
Give me the Curved Forceps,Curved Kelly Hemostatic Forceps
Can I have the Curved Forceps?,Curved Kelly Hemostatic Forceps
Can I have the Curved Forceps,Curved Kelly Hemostatic Forceps
Hand me the Curved Forceps.,Curved Kelly Hemostatic Forceps
I need the Curved Forceps,Curved Kelly Hemostatic Forceps
"Curved Forceps, please",Curved Kelly Hemostatic Forceps
Bring the Curved Forceps.,Curved Kelly Hemostatic Forceps
Fetch the Curved Forceps,Curved Kelly Hemostatic Forceps
Get me the Curved Forceps.,Curved Kelly Hemostatic Forceps
Where are the Curved Forceps,Curved Kelly Hemostatic Forceps
Do you have the Curved Forceps,Curved Kelly Hemostatic Forceps
Do you have the Curved Forceps?,Curved Kelly Hemostatic Forceps
Could you pass the Curved Forceps?,Curved Kelly Hemostatic Forceps
Could you pass the Curved Forceps,Curved Kelly Hemostatic Forceps
Would you hand over the Curved Forceps?,Curved Kelly Hemostatic Forceps
Would you hand over the Curved Forceps,Curved Kelly Hemostatic Forceps
Is the Curved Forceps ready?,Curved Kelly Hemostatic Forceps
Is the Curved Forceps ready,Curved Kelly Hemostatic Forceps
Are the Curved Forceps on the tray?,Curved Kelly Hemostatic Forceps
Are the Curved Forceps on the tray,Curved Kelly Hemostatic Forceps
Did you prep the Curved Forceps?,Curved Kelly Hemostatic Forceps
Did you prep the Curved Forceps,Curved Kelly Hemostatic Forceps
Have you got the Curved Forceps,Curved Kelly Hemostatic Forceps
Have you got the Curved Forceps?,Curved Kelly Hemostatic Forceps
Lets use the Curved Forceps.,Curved Kelly Hemostatic Forceps
Ill take the Curved Forceps now.,Curved Kelly Hemostatic Forceps
We need the Curved Forceps for this,Curved Kelly Hemostatic Forceps
Curved Forceps now!,Curved Kelly Hemostatic Forceps
"Quick, pass the Curved Forceps",Curved Kelly Hemostatic Forceps
Pass me the Straight Kelly Hemostatic Forceps,Straight Kelly Hemostatic Forceps
Straight Kelly Hemostatic Forceps,Straight Kelly Hemostatic Forceps
Straight ,Straight Kelly Hemostatic Forceps
Straight Kelly Hemostatic Forceps,Straight Kelly Hemostatic Forceps
straight kelly hemostatic forceps,Straight Kelly Hemostatic Forceps
STRAIGHT KELLY HEMOSTATIC FORCEPS,Straight Kelly Hemostatic Forceps
stright kelly forceps,Straight Kelly Hemostatic Forceps
stright ,Straight Kelly Hemostatic Forceps
streight kelly forceps,Straight Kelly Hemostatic Forceps
strait kelly forceps,Straight Kelly Hemostatic Forceps
straight kelly forsips,Straight Kelly Hemostatic Forceps
straight kelly phorceps,Straight Kelly Hemostatic Forceps
straight kelly fourceps,Straight Kelly Hemostatic Forceps
hemostetik forceps,Straight Kelly Hemostatic Forceps
kelly straight,Straight Kelly Hemostatic Forceps
hemostatic clamp,Straight Kelly Hemostatic Forceps
strur,Straight Kelly Hemostatic Forceps
straight,Straight Kelly Hemostatic Forceps
strair forcep,Straight Kelly Hemostatic Forceps
streight  forcep,Straight Kelly Hemostatic Forceps
strike forcep,Straight Kelly Hemostatic Forceps
Straight  Forceps,Straight Kelly Hemostatic Forceps
Straight Kelly  Forceps,Straight Kelly Hemostatic Forceps
Straight  Hemostatic Forceps,Straight Kelly Hemostatic Forceps
Give me the Straight Kelly Hemostatic Forceps,Straight Kelly Hemostatic Forceps
Can I have the Straight Kelly Hemostatic Forceps?,Straight Kelly Hemostatic Forceps
Can I have the Straight Kelly Hemostatic Forceps,Straight Kelly Hemostatic Forceps
Hand me the Straight Kelly Hemostatic Forceps.,Straight Kelly Hemostatic Forceps
I need the Straight Kelly Hemostatic Forceps,Straight Kelly Hemostatic Forceps
"Straight Kelly Hemostatic Forceps, please",Straight Kelly Hemostatic Forceps
Bring the Straight Kelly Hemostatic Forceps.,Straight Kelly Hemostatic Forceps
Fetch the Straight Kelly Hemostatic Forceps,Straight Kelly Hemostatic Forceps
Get me the Straight Kelly Hemostatic Forceps.,Straight Kelly Hemostatic Forceps
Where are the Straight Kelly Hemostatic Forceps,Straight Kelly Hemostatic Forceps
Do you have the Straight Kelly Hemostatic Forceps,Straight Kelly Hemostatic Forceps
Do you have the Straight Kelly Hemostatic Forceps?,Straight Kelly Hemostatic Forceps
Could you pass the Straight Kelly Hemostatic Forceps?,Straight Kelly Hemostatic Forceps
Could you pass the Straight Kelly Hemostatic Forceps,Straight Kelly Hemostatic Forceps
Would you hand over the Straight Kelly Hemostatic Forceps?,Straight Kelly Hemostatic Forceps
Would you hand over the Straight Kelly Hemostatic Forceps,Straight Kelly Hemostatic Forceps
Is the Straight Kelly Hemostatic Forceps ready?,Straight Kelly Hemostatic Forceps
Is the Straight Kelly Hemostatic Forceps ready,Straight Kelly Hemostatic Forceps
Are the Straight Kelly Hemostatic Forceps on the tray?,Straight Kelly Hemostatic Forceps
Are the Straight Kelly Hemostatic Forceps on the tray,Straight Kelly Hemostatic Forceps
Did you prep the Straight Kelly Hemostatic Forceps?,Straight Kelly Hemostatic Forceps
Did you prep the Straight Kelly Hemostatic Forceps,Straight Kelly Hemostatic Forceps
Have you got the Straight Kelly Hemostatic Forceps,Straight Kelly Hemostatic Forceps
Have you got the Straight Kelly Hemostatic Forceps?,Straight Kelly Hemostatic Forceps
Lets use the Straight Kelly Hemostatic Forceps.,Straight Kelly Hemostatic Forceps
Ill take the Straight Kelly Hemostatic Forceps now.,Straight Kelly Hemostatic Forceps
We need the Straight Kelly Hemostatic Forceps for this,Straight Kelly Hemostatic Forceps
Straight Kelly Hemostatic Forceps now!,Straight Kelly Hemostatic Forceps
"Quick, pass the Straight Kelly Hemostatic Forceps",Straight Kelly Hemostatic Forceps
Straight Kelly,Straight Kelly Hemostatic Forceps
Pass me the Straight Kelly,Straight Kelly Hemostatic Forceps
Give me the Straight Kelly,Straight Kelly Hemostatic Forceps
Can I have the Straight Kelly?,Straight Kelly Hemostatic Forceps
Can I have the Straight Kelly,Straight Kelly Hemostatic Forceps
Hand me the Straight Kelly.,Straight Kelly Hemostatic Forceps
I need the Straight Kelly,Straight Kelly Hemostatic Forceps
"Straight Kelly, please",Straight Kelly Hemostatic Forceps
Bring the Straight Kelly.,Straight Kelly Hemostatic Forceps
Fetch the Straight Kelly,Straight Kelly Hemostatic Forceps
Get me the Straight Kelly.,Straight Kelly Hemostatic Forceps
Where are the Straight Kelly,Straight Kelly Hemostatic Forceps
Do you have the Straight Kelly,Straight Kelly Hemostatic Forceps
Do you have the Straight Kelly?,Straight Kelly Hemostatic Forceps
Could you pass the Straight Kelly?,Straight Kelly Hemostatic Forceps
Could you pass the Straight Kelly,Straight Kelly Hemostatic Forceps
Would you hand over the Straight Kelly?,Straight Kelly Hemostatic Forceps
Would you hand over the Straight Kelly,Straight Kelly Hemostatic Forceps
Is the Straight Kelly ready?,Straight Kelly Hemostatic Forceps
Is the Straight Kelly ready,Straight Kelly Hemostatic Forceps
Are the Straight Kelly on the tray?,Straight Kelly Hemostatic Forceps
Are the Straight Kelly on the tray,Straight Kelly Hemostatic Forceps
Did you prep the Straight Kelly?,Straight Kelly Hemostatic Forceps
Did you prep the Straight Kelly,Straight Kelly Hemostatic Forceps
Have you got the Straight Kelly,Straight Kelly Hemostatic Forceps
Have you got the Straight Kelly?,Straight Kelly Hemostatic Forceps
Lets use the Straight Kelly.,Straight Kelly Hemostatic Forceps
Ill take the Straight Kelly now.,Straight Kelly Hemostatic Forceps
We need the Straight Kelly for this,Straight Kelly Hemostatic Forceps
Straight Kelly now!,Straight Kelly Hemostatic Forceps
"Quick, pass the Straight Kelly",Straight Kelly Hemostatic Forceps
Straight,Straight Kelly Hemostatic Forceps
Pass me the Straight,Straight Kelly Hemostatic Forceps
Give me the Straight,Straight Kelly Hemostatic Forceps
Can I have the Straight?,Straight Kelly Hemostatic Forceps
Can I have the Straight,Straight Kelly Hemostatic Forceps
Hand me the Straight.,Straight Kelly Hemostatic Forceps
I need the Straight,Straight Kelly Hemostatic Forceps
"Straight, please",Straight Kelly Hemostatic Forceps
Bring the Straight.,Straight Kelly Hemostatic Forceps
Fetch the Straight,Straight Kelly Hemostatic Forceps
Get me the Straight.,Straight Kelly Hemostatic Forceps
Where are the Straight,Straight Kelly Hemostatic Forceps
Do you have the Straight,Straight Kelly Hemostatic Forceps
Do you have the Straight?,Straight Kelly Hemostatic Forceps
Could you pass the Straight?,Straight Kelly Hemostatic Forceps
Could you pass the Straight,Straight Kelly Hemostatic Forceps
Would you hand over the Straight?,Straight Kelly Hemostatic Forceps
Would you hand over the Straight,Straight Kelly Hemostatic Forceps
Is the Straight ready?,Straight Kelly Hemostatic Forceps
Is the Straight ready,Straight Kelly Hemostatic Forceps
Are the Straight on the tray?,Straight Kelly Hemostatic Forceps
Are the Straight on the tray,Straight Kelly Hemostatic Forceps
Did you prep the Straight?,Straight Kelly Hemostatic Forceps
Did you prep the Straight,Straight Kelly Hemostatic Forceps
Have you got the Straight,Straight Kelly Hemostatic Forceps
Have you got the Straight?,Straight Kelly Hemostatic Forceps
Lets use the Straight.,Straight Kelly Hemostatic Forceps
Ill take the Straight now.,Straight Kelly Hemostatic Forceps
We need the Straight for this,Straight Kelly Hemostatic Forceps
Straight now!,Straight Kelly Hemostatic Forceps
"Quick, pass the Straight",Straight Kelly Hemostatic Forceps
Straight Forceps,Straight Kelly Hemostatic Forceps
Pass me the Straight Forceps,Straight Kelly Hemostatic Forceps
Give me the Straight Forceps,Straight Kelly Hemostatic Forceps
Can I have the Straight Forceps?,Straight Kelly Hemostatic Forceps
Can I have the Straight Forceps,Straight Kelly Hemostatic Forceps
Hand me the Straight Forceps.,Straight Kelly Hemostatic Forceps
I need the Straight Forceps,Straight Kelly Hemostatic Forceps
"Straight Forceps, please",Straight Kelly Hemostatic Forceps
Bring the Straight Forceps.,Straight Kelly Hemostatic Forceps
Fetch the Straight Forceps,Straight Kelly Hemostatic Forceps
Get me the Straight Forceps.,Straight Kelly Hemostatic Forceps
Where are the Straight Forceps,Straight Kelly Hemostatic Forceps
Do you have the Straight Forceps,Straight Kelly Hemostatic Forceps
Do you have the Straight Forceps?,Straight Kelly Hemostatic Forceps
Could you pass the Straight Forceps?,Straight Kelly Hemostatic Forceps
Could you pass the Straight Forceps,Straight Kelly Hemostatic Forceps
Would you hand over the Straight Forceps?,Straight Kelly Hemostatic Forceps
Would you hand over the Straight Forceps,Straight Kelly Hemostatic Forceps
Is the Straight Forceps ready?,Straight Kelly Hemostatic Forceps
Is the Straight Forceps ready,Straight Kelly Hemostatic Forceps
Are the Straight Forceps on the tray?,Straight Kelly Hemostatic Forceps
Are the Straight Forceps on the tray,Straight Kelly Hemostatic Forceps
Did you prep the Straight Forceps?,Straight Kelly Hemostatic Forceps
Did you prep the Straight Forceps,Straight Kelly Hemostatic Forceps
Have you got the Straight Forceps,Straight Kelly Hemostatic Forceps
Have you got the Straight Forceps?,Straight Kelly Hemostatic Forceps
Lets use the Straight Forceps.,Straight Kelly Hemostatic Forceps
Ill take the Straight Forceps now.,Straight Kelly Hemostatic Forceps
We need the Straight Forceps for this,Straight Kelly Hemostatic Forceps
Straight Forceps now!,Straight Kelly Hemostatic Forceps
"Quick, pass the Straight Forceps",Straight Kelly Hemostatic Forceps
Pass me the Grooved Director Probe,Grooved Director Probe
Grooved Director Probe,Grooved Director Probe
Probe,Grooved Director Probe
Grooved  Probe,Grooved Director Probe
Director,Grooved Director Probe
Groove,Grooved Director Probe
Pass the groove tool,Grooved Director Probe
I need the probe with groove,Grooved Director Probe
 grooved director probe,Grooved Director Probe
 GROOVED DIRECTOR PROBE,Grooved Director Probe
grooved director probe,Grooved Director Probe
grooved direktor probe,Grooved Director Probe
 grooved dirrector probe,Grooved Director Probe
groved director probe,Grooved Director Probe
gruvd director probe,Grooved Director Probe
gruvad director probe,Grooved Director Probe
grooved proob,Grooved Director Probe
grove proob,Grooved Director Probe
grove probb,Grooved Director Probe
grooved prob,Grooved Director Probe
dictor prob,Grooved Director Probe
dictiriene probe,Grooved Director Probe
Director Probe,Grooved Director Probe
Give me the Grooved Director Probe,Grooved Director Probe
Can I have the Grooved Director Probe?,Grooved Director Probe
Can I have the Grooved Director Probe,Grooved Director Probe
Hand me the Grooved Director Probe.,Grooved Director Probe
I need the Grooved Director Probe,Grooved Director Probe
"Grooved Director Probe, please",Grooved Director Probe
Bring the Grooved Director Probe.,Grooved Director Probe
Fetch the Grooved Director Probe,Grooved Director Probe
Get me the Grooved Director Probe.,Grooved Director Probe
Where are the Grooved Director Probe,Grooved Director Probe
Do you have the Grooved Director Probe,Grooved Director Probe
Do you have the Grooved Director Probe?,Grooved Director Probe
Could you pass the Grooved Director Probe?,Grooved Director Probe
Could you pass the Grooved Director Probe,Grooved Director Probe
Would you hand over the Grooved Director Probe?,Grooved Director Probe
Would you hand over the Grooved Director Probe,Grooved Director Probe
Is the Grooved Director Probe ready?,Grooved Director Probe
Is the Grooved Director Probe ready,Grooved Director Probe
Are the Grooved Director Probe on the tray?,Grooved Director Probe
Are the Grooved Director Probe on the tray,Grooved Director Probe
Did you prep the Grooved Director Probe?,Grooved Director Probe
Did you prep the Grooved Director Probe,Grooved Director Probe
Have you got the Grooved Director Probe,Grooved Director Probe
Have you got the Grooved Director Probe?,Grooved Director Probe
Lets use the Grooved Director Probe.,Grooved Director Probe
Ill take the Grooved Director Probe now.,Grooved Director Probe
We need the Grooved Director Probe for this,Grooved Director Probe
Grooved Director Probe now!,Grooved Director Probe
"Quick, pass the Grooved Director Probe",Grooved Director Probe
Grooved Probe,Grooved Director Probe
Pass me the Grooved Probe,Grooved Director Probe
Give me the Grooved Probe,Grooved Director Probe
Can I have the Grooved Probe?,Grooved Director Probe
Can I have the Grooved Probe,Grooved Director Probe
Hand me the Grooved Probe.,Grooved Director Probe
I need the Grooved Probe,Grooved Director Probe
"Grooved Probe, please",Grooved Director Probe
Bring the Grooved Probe.,Grooved Director Probe
Fetch the Grooved Probe,Grooved Director Probe
Get me the Grooved Probe.,Grooved Director Probe
Where are the Grooved Probe,Grooved Director Probe
Do you have the Grooved Probe,Grooved Director Probe
Do you have the Grooved Probe?,Grooved Director Probe
Could you pass the Grooved Probe?,Grooved Director Probe
Could you pass the Grooved Probe,Grooved Director Probe
Would you hand over the Grooved Probe?,Grooved Director Probe
Would you hand over the Grooved Probe,Grooved Director Probe
Is the Grooved Probe ready?,Grooved Director Probe
Is the Grooved Probe ready,Grooved Director Probe
Are the Grooved Probe on the tray?,Grooved Director Probe
Are the Grooved Probe on the tray,Grooved Director Probe
Did you prep the Grooved Probe?,Grooved Director Probe
Did you prep the Grooved Probe,Grooved Director Probe
Have you got the Grooved Probe,Grooved Director Probe
Have you got the Grooved Probe?,Grooved Director Probe
Lets use the Grooved Probe.,Grooved Director Probe
Ill take the Grooved Probe now.,Grooved Director Probe
We need the Grooved Probe for this,Grooved Director Probe
Grooved Probe now!,Grooved Director Probe
"Quick, pass the Grooved Probe",Grooved Director Probe
Probe,Grooved Director Probe
Pass me the Probe,Grooved Director Probe
Give me the Probe,Grooved Director Probe
Can I have the Probe?,Grooved Director Probe
Can I have the Probe,Grooved Director Probe
Hand me the Probe.,Grooved Director Probe
I need the Probe,Grooved Director Probe
"Probe, please",Grooved Director Probe
Bring the Probe.,Grooved Director Probe
Fetch the Probe,Grooved Director Probe
Get me the Probe.,Grooved Director Probe
Where are the Probe,Grooved Director Probe
Do you have the Probe,Grooved Director Probe
Do you have the Probe?,Grooved Director Probe
Could you pass the Probe?,Grooved Director Probe
Could you pass the Probe,Grooved Director Probe
Would you hand over the Probe?,Grooved Director Probe
Would you hand over the Probe,Grooved Director Probe
Is the Probe ready?,Grooved Director Probe
Is the Probe ready,Grooved Director Probe
Are the Probe on the tray?,Grooved Director Probe
Are the Probe on the tray,Grooved Director Probe
Did you prep the Probe?,Grooved Director Probe
Did you prep the Probe,Grooved Director Probe
Have you got the Probe,Grooved Director Probe
Have you got the Probe?,Grooved Director Probe
Lets use the Probe.,Grooved Director Probe
Ill take the Probe now.,Grooved Director Probe
We need the Probe for this,Grooved Director Probe
Probe now!,Grooved Director Probe
"Quick, pass the Probe",Grooved Director Probe
Director Probe,Grooved Director Probe
Pass me the Director Probe,Grooved Director Probe
Give me the Director Probe,Grooved Director Probe
Can I have the Director Probe?,Grooved Director Probe
Can I have the Director Probe,Grooved Director Probe
Hand me the Director Probe.,Grooved Director Probe
I need the Director Probe,Grooved Director Probe
"Director Probe, please",Grooved Director Probe
Bring the Director Probe.,Grooved Director Probe
Fetch the Director Probe,Grooved Director Probe
Get me the Director Probe.,Grooved Director Probe
Where are the Director Probe,Grooved Director Probe
Do you have the Director Probe,Grooved Director Probe
Do you have the Director Probe?,Grooved Director Probe
Could you pass the Director Probe?,Grooved Director Probe
Could you pass the Director Probe,Grooved Director Probe
Would you hand over the Director Probe?,Grooved Director Probe
Would you hand over the Director Probe,Grooved Director Probe
Is the Director Probe ready?,Grooved Director Probe
Is the Director Probe ready,Grooved Director Probe
Are the Director Probe on the tray?,Grooved Director Probe
Are the Director Probe on the tray,Grooved Director Probe
Did you prep the Director Probe?,Grooved Director Probe
Did you prep the Director Probe,Grooved Director Probe
Have you got the Director Probe,Grooved Director Probe
Have you got the Director Probe?,Grooved Director Probe
Lets use the Director Probe.,Grooved Director Probe
Ill take the Director Probe now.,Grooved Director Probe
We need the Director Probe for this,Grooved Director Probe
Director Probe now!,Grooved Director Probe
"Quick, pass the Director Probe",Grooved Director Probe
nine,Needle Holder
need,Needle Holder
nedd,Needle Holder
need hol,Needle Holder
Needle clamp,Needle Holder
stitch holder,Needle Holder
needle driver,Needle Holder
Needle Holder,Needle Holder
needle holder,Needle Holder
NEEDLE HOLDER,Needle Holder
nedle holder,Needle Holder
niddle holder,Needle Holder
needal holder,Needle Holder
needle holdr,Needle Holder
needle holdar,Needle Holder
needle houlder,Needle Holder
needle clamp,Needle Holder
suturing clamp,Needle Holder
noodle,Needle Holder
needlle holder,Needle Holder
Holder,Needle Holder
Pass me the Needle Holder,Needle Holder
Give me the Needle Holder,Needle Holder
Can I have the Needle Holder?,Needle Holder
Can I have the Needle Holder,Needle Holder
Hand me the Needle Holder.,Needle Holder
I need the Needle Holder,Needle Holder
"Needle Holder, please",Needle Holder
Bring the Needle Holder.,Needle Holder
Fetch the Needle Holder,Needle Holder
Get me the Needle Holder.,Needle Holder
Where are the Needle Holder,Needle Holder
Do you have the Needle Holder,Needle Holder
Do you have the Needle Holder?,Needle Holder
Could you pass the Needle Holder?,Needle Holder
Could you pass the Needle Holder,Needle Holder
Would you hand over the Needle Holder?,Needle Holder
Would you hand over the Needle Holder,Needle Holder
Is the Needle Holder ready?,Needle Holder
Is the Needle Holder ready,Needle Holder
Are the Needle Holder on the tray?,Needle Holder
Are the Needle Holder on the tray,Needle Holder
Did you prep the Needle Holder?,Needle Holder
Did you prep the Needle Holder,Needle Holder
Have you got the Needle Holder,Needle Holder
Have you got the Needle Holder?,Needle Holder
Lets use the Needle Holder.,Needle Holder
Ill take the Needle Holder now.,Needle Holder
We need the Needle Holder for this,Needle Holder
Needle Holder now!,Needle Holder
"Quick, pass the Needle Holder",Needle Holder
Holder,Needle Holder
Pass me the Holder,Needle Holder
Give me the Holder,Needle Holder
Can I have the Holder?,Needle Holder
Can I have the Holder,Needle Holder
Hand me the Holder.,Needle Holder
I need the Holder,Needle Holder
"Holder, please",Needle Holder
Bring the Holder.,Needle Holder
Fetch the Holder,Needle Holder
Get me the Holder.,Needle Holder
Where are the Holder,Needle Holder
Do you have the Holder,Needle Holder
Do you have the Holder?,Needle Holder
Could you pass the Holder?,Needle Holder
Could you pass the Holder,Needle Holder
Would you hand over the Holder?,Needle Holder
Would you hand over the Holder,Needle Holder
Is the Holder ready?,Needle Holder
Is the Holder ready,Needle Holder
Are the Holder on the tray?,Needle Holder
Are the Holder on the tray,Needle Holder
Did you prep the Holder?,Needle Holder
Did you prep the Holder,Needle Holder
Have you got the Holder,Needle Holder
Have you got the Holder?,Needle Holder
Lets use the Holder.,Needle Holder
Ill take the Holder now.,Needle Holder
We need the Holder for this,Needle Holder
Holder now!,Needle Holder
"Quick, pass the Holder",Needle Holder
Plain Adson Tissue Forceps,Plain Adson Tissue Forceps
Plain  Forceps,Plain Adson Tissue Forceps
Plain Adson  Forceps,Plain Adson Tissue Forceps
Plain Tissue Forceps,Plain Adson Tissue Forceps
 plain adson tissue forceps,Plain Adson Tissue Forceps
PLAIN ADSON TISSUE FORCEPS,Plain Adson Tissue Forceps
plan adson tissue forceps,Plain Adson Tissue Forceps
plaine adson tissue forceps,Plain Adson Tissue Forceps
pleyn adson tissue forceps,Plain Adson Tissue Forceps
plain addson tissue forceps,Plain Adson Tissue Forceps
plain adsun tissue forceps,Plain Adson Tissue Forceps
plain adsoon tissue forceps,Plain Adson Tissue Forceps
adson forceps,Plain Adson Tissue Forceps
plain adson tishu forceps,Plain Adson Tissue Forceps
flat tip adson,Plain Adson Tissue Forceps
flat adson,Plain Adson Tissue Forceps
pain adson ,Plain Adson Tissue Forceps
pain adson tisse holder,Plain Adson Tissue Forceps
pain tissue holder,Plain Adson Tissue Forceps
plan adson tissue forceps,Plain Adson Tissue Forceps
plane adson forceps,Plain Adson Tissue Forceps
Plain ,Plain Adson Tissue Forceps
Pass me the Plain Adson Tissue Forceps,Plain Adson Tissue Forceps
Give me the Plain Adson Tissue Forceps,Plain Adson Tissue Forceps
Can I have the Plain Adson Tissue Forceps?,Plain Adson Tissue Forceps
Can I have the Plain Adson Tissue Forceps,Plain Adson Tissue Forceps
Hand me the Plain Adson Tissue Forceps.,Plain Adson Tissue Forceps
I need the Plain Adson Tissue Forceps,Plain Adson Tissue Forceps
"Plain Adson Tissue Forceps, please",Plain Adson Tissue Forceps
Bring the Plain Adson Tissue Forceps.,Plain Adson Tissue Forceps
Fetch the Plain Adson Tissue Forceps,Plain Adson Tissue Forceps
Get me the Plain Adson Tissue Forceps.,Plain Adson Tissue Forceps
Where are the Plain Adson Tissue Forceps,Plain Adson Tissue Forceps
Do you have the Plain Adson Tissue Forceps,Plain Adson Tissue Forceps
Do you have the Plain Adson Tissue Forceps?,Plain Adson Tissue Forceps
Could you pass the Plain Adson Tissue Forceps?,Plain Adson Tissue Forceps
Could you pass the Plain Adson Tissue Forceps,Plain Adson Tissue Forceps
Would you hand over the Plain Adson Tissue Forceps?,Plain Adson Tissue Forceps
Would you hand over the Plain Adson Tissue Forceps,Plain Adson Tissue Forceps
Is the Plain Adson Tissue Forceps ready?,Plain Adson Tissue Forceps
Is the Plain Adson Tissue Forceps ready,Plain Adson Tissue Forceps
Are the Plain Adson Tissue Forceps on the tray?,Plain Adson Tissue Forceps
Are the Plain Adson Tissue Forceps on the tray,Plain Adson Tissue Forceps
Did you prep the Plain Adson Tissue Forceps?,Plain Adson Tissue Forceps
Did you prep the Plain Adson Tissue Forceps,Plain Adson Tissue Forceps
Have you got the Plain Adson Tissue Forceps,Plain Adson Tissue Forceps
Have you got the Plain Adson Tissue Forceps?,Plain Adson Tissue Forceps
Lets use the Plain Adson Tissue Forceps.,Plain Adson Tissue Forceps
Ill take the Plain Adson Tissue Forceps now.,Plain Adson Tissue Forceps
We need the Plain Adson Tissue Forceps for this,Plain Adson Tissue Forceps
Plain Adson Tissue Forceps now!,Plain Adson Tissue Forceps
"Quick, pass the Plain Adson Tissue Forceps",Plain Adson Tissue Forceps
Plain,Plain Adson Tissue Forceps
Pass me the Plain,Plain Adson Tissue Forceps
Give me the Plain,Plain Adson Tissue Forceps
Can I have the Plain?,Plain Adson Tissue Forceps
Can I have the Plain,Plain Adson Tissue Forceps
Hand me the Plain.,Plain Adson Tissue Forceps
I need the Plain,Plain Adson Tissue Forceps
"Plain, please",Plain Adson Tissue Forceps
Bring the Plain.,Plain Adson Tissue Forceps
Fetch the Plain,Plain Adson Tissue Forceps
Get me the Plain.,Plain Adson Tissue Forceps
Where are the Plain,Plain Adson Tissue Forceps
Do you have the Plain,Plain Adson Tissue Forceps
Do you have the Plain?,Plain Adson Tissue Forceps
Could you pass the Plain?,Plain Adson Tissue Forceps
Could you pass the Plain,Plain Adson Tissue Forceps
Would you hand over the Plain?,Plain Adson Tissue Forceps
Would you hand over the Plain,Plain Adson Tissue Forceps
Is the Plain ready?,Plain Adson Tissue Forceps
Is the Plain ready,Plain Adson Tissue Forceps
Are the Plain on the tray?,Plain Adson Tissue Forceps
Are the Plain on the tray,Plain Adson Tissue Forceps
Did you prep the Plain?,Plain Adson Tissue Forceps
Did you prep the Plain,Plain Adson Tissue Forceps
Have you got the Plain,Plain Adson Tissue Forceps
Have you got the Plain?,Plain Adson Tissue Forceps
Lets use the Plain.,Plain Adson Tissue Forceps
Ill take the Plain now.,Plain Adson Tissue Forceps
We need the Plain for this,Plain Adson Tissue Forceps
Plain now!,Plain Adson Tissue Forceps
"Quick, pass the Plain",Plain Adson Tissue Forceps
Plain Forceps,Plain Adson Tissue Forceps
Pass me the Plain Forceps,Plain Adson Tissue Forceps
Give me the Plain Forceps,Plain Adson Tissue Forceps
Can I have the Plain Forceps?,Plain Adson Tissue Forceps
Can I have the Plain Forceps,Plain Adson Tissue Forceps
Hand me the Plain Forceps.,Plain Adson Tissue Forceps
I need the Plain Forceps,Plain Adson Tissue Forceps
"Plain Forceps, please",Plain Adson Tissue Forceps
Bring the Plain Forceps.,Plain Adson Tissue Forceps
Fetch the Plain Forceps,Plain Adson Tissue Forceps
Get me the Plain Forceps.,Plain Adson Tissue Forceps
Where are the Plain Forceps,Plain Adson Tissue Forceps
Do you have the Plain Forceps,Plain Adson Tissue Forceps
Do you have the Plain Forceps?,Plain Adson Tissue Forceps
Could you pass the Plain Forceps?,Plain Adson Tissue Forceps
Could you pass the Plain Forceps,Plain Adson Tissue Forceps
Would you hand over the Plain Forceps?,Plain Adson Tissue Forceps
Would you hand over the Plain Forceps,Plain Adson Tissue Forceps
Is the Plain Forceps ready?,Plain Adson Tissue Forceps
Is the Plain Forceps ready,Plain Adson Tissue Forceps
Are the Plain Forceps on the tray?,Plain Adson Tissue Forceps
Are the Plain Forceps on the tray,Plain Adson Tissue Forceps
Did you prep the Plain Forceps?,Plain Adson Tissue Forceps
Did you prep the Plain Forceps,Plain Adson Tissue Forceps
Have you got the Plain Forceps,Plain Adson Tissue Forceps
Have you got the Plain Forceps?,Plain Adson Tissue Forceps
Lets use the Plain Forceps.,Plain Adson Tissue Forceps
Ill take the Plain Forceps now.,Plain Adson Tissue Forceps
We need the Plain Forceps for this,Plain Adson Tissue Forceps
Plain Forceps now!,Plain Adson Tissue Forceps
"Quick, pass the Plain Forceps",Plain Adson Tissue Forceps
Toothed Adson Tissue Forceps,Toothed Adson Tissue Forceps
Toothed Forceps,Toothed Adson Tissue Forceps
Toothed Adson Forceps,Toothed Adson Tissue Forceps
teeth ,Toothed Adson Tissue Forceps
tooth,Toothed Adson Tissue Forceps
toothed adson tissue forceps,Toothed Adson Tissue Forceps
TOOTHED ADSON TISSUE FORCEPS,Toothed Adson Tissue Forceps
 tootth adson tissue forceps,Toothed Adson Tissue Forceps
 tootth adson tissue forceps,Toothed Adson Tissue Forceps
toothet adson tissue forceps,Toothed Adson Tissue Forceps
"adson forceps with teeth,",Toothed Adson Tissue Forceps
tishu forceps with tooth,Toothed Adson Tissue Forceps
toothed adsun tissue forceps,Toothed Adson Tissue Forceps
toothed adsun forceps,Toothed Adson Tissue Forceps
tishoo forceps toothed,Toothed Adson Tissue Forceps
tooth forcep,Toothed Adson Tissue Forceps
tooothed forcep,Toothed Adson Tissue Forceps
Toothed Tissue Forceps,Toothed Adson Tissue Forceps
Toothed ,Toothed Adson Tissue Forceps
Pass me the Toothed Adson Tissue Forceps,Toothed Adson Tissue Forceps
Give me the Toothed Adson Tissue Forceps,Toothed Adson Tissue Forceps
Can I have the Toothed Adson Tissue Forceps?,Toothed Adson Tissue Forceps
Can I have the Toothed Adson Tissue Forceps,Toothed Adson Tissue Forceps
Hand me the Toothed Adson Tissue Forceps.,Toothed Adson Tissue Forceps
I need the Toothed Adson Tissue Forceps,Toothed Adson Tissue Forceps
"Toothed Adson Tissue Forceps, please",Toothed Adson Tissue Forceps
Bring the Toothed Adson Tissue Forceps.,Toothed Adson Tissue Forceps
Fetch the Toothed Adson Tissue Forceps,Toothed Adson Tissue Forceps
Get me the Toothed Adson Tissue Forceps.,Toothed Adson Tissue Forceps
Where are the Toothed Adson Tissue Forceps,Toothed Adson Tissue Forceps
Do you have the Toothed Adson Tissue Forceps,Toothed Adson Tissue Forceps
Do you have the Toothed Adson Tissue Forceps?,Toothed Adson Tissue Forceps
Could you pass the Toothed Adson Tissue Forceps?,Toothed Adson Tissue Forceps
Could you pass the Toothed Adson Tissue Forceps,Toothed Adson Tissue Forceps
Would you hand over the Toothed Adson Tissue Forceps?,Toothed Adson Tissue Forceps
Would you hand over the Toothed Adson Tissue Forceps,Toothed Adson Tissue Forceps
Is the Toothed Adson Tissue Forceps ready?,Toothed Adson Tissue Forceps
Is the Toothed Adson Tissue Forceps ready,Toothed Adson Tissue Forceps
Are the Toothed Adson Tissue Forceps on the tray?,Toothed Adson Tissue Forceps
Are the Toothed Adson Tissue Forceps on the tray,Toothed Adson Tissue Forceps
Did you prep the Toothed Adson Tissue Forceps?,Toothed Adson Tissue Forceps
Did you prep the Toothed Adson Tissue Forceps,Toothed Adson Tissue Forceps
Have you got the Toothed Adson Tissue Forceps,Toothed Adson Tissue Forceps
Have you got the Toothed Adson Tissue Forceps?,Toothed Adson Tissue Forceps
Lets use the Toothed Adson Tissue Forceps.,Toothed Adson Tissue Forceps
Ill take the Toothed Adson Tissue Forceps now.,Toothed Adson Tissue Forceps
We need the Toothed Adson Tissue Forceps for this,Toothed Adson Tissue Forceps
Toothed Adson Tissue Forceps now!,Toothed Adson Tissue Forceps
"Quick, pass the Toothed Adson Tissue Forceps",Toothed Adson Tissue Forceps
Toothed Forceps,Toothed Adson Tissue Forceps
Pass me the Toothed Forceps,Toothed Adson Tissue Forceps
Give me the Toothed Forceps,Toothed Adson Tissue Forceps
Can I have the Toothed Forceps?,Toothed Adson Tissue Forceps
Can I have the Toothed Forceps,Toothed Adson Tissue Forceps
Hand me the Toothed Forceps.,Toothed Adson Tissue Forceps
I need the Toothed Forceps,Toothed Adson Tissue Forceps
"Toothed Forceps, please",Toothed Adson Tissue Forceps
Bring the Toothed Forceps.,Toothed Adson Tissue Forceps
Fetch the Toothed Forceps,Toothed Adson Tissue Forceps
Get me the Toothed Forceps.,Toothed Adson Tissue Forceps
Where are the Toothed Forceps,Toothed Adson Tissue Forceps
Do you have the Toothed Forceps,Toothed Adson Tissue Forceps
Do you have the Toothed Forceps?,Toothed Adson Tissue Forceps
Could you pass the Toothed Forceps?,Toothed Adson Tissue Forceps
Could you pass the Toothed Forceps,Toothed Adson Tissue Forceps
Would you hand over the Toothed Forceps?,Toothed Adson Tissue Forceps
Would you hand over the Toothed Forceps,Toothed Adson Tissue Forceps
Is the Toothed Forceps ready?,Toothed Adson Tissue Forceps
Is the Toothed Forceps ready,Toothed Adson Tissue Forceps
Are the Toothed Forceps on the tray?,Toothed Adson Tissue Forceps
Are the Toothed Forceps on the tray,Toothed Adson Tissue Forceps
Did you prep the Toothed Forceps?,Toothed Adson Tissue Forceps
Did you prep the Toothed Forceps,Toothed Adson Tissue Forceps
Have you got the Toothed Forceps,Toothed Adson Tissue Forceps
Have you got the Toothed Forceps?,Toothed Adson Tissue Forceps
Lets use the Toothed Forceps.,Toothed Adson Tissue Forceps
Ill take the Toothed Forceps now.,Toothed Adson Tissue Forceps
We need the Toothed Forceps for this,Toothed Adson Tissue Forceps
Toothed Forceps now!,Toothed Adson Tissue Forceps
"Quick, pass the Toothed Forceps",Toothed Adson Tissue Forceps
Toothed,Toothed Adson Tissue Forceps
Pass me the Toothed,Toothed Adson Tissue Forceps
Give me the Toothed,Toothed Adson Tissue Forceps
Can I have the Toothed?,Toothed Adson Tissue Forceps
Can I have the Toothed,Toothed Adson Tissue Forceps
Hand me the Toothed.,Toothed Adson Tissue Forceps
I need the Toothed,Toothed Adson Tissue Forceps
"Toothed, please",Toothed Adson Tissue Forceps
Bring the Toothed.,Toothed Adson Tissue Forceps
Fetch the Toothed,Toothed Adson Tissue Forceps
Get me the Toothed.,Toothed Adson Tissue Forceps
Where are the Toothed,Toothed Adson Tissue Forceps
Do you have the Toothed,Toothed Adson Tissue Forceps
Do you have the Toothed?,Toothed Adson Tissue Forceps
Could you pass the Toothed?,Toothed Adson Tissue Forceps
Could you pass the Toothed,Toothed Adson Tissue Forceps
Would you hand over the Toothed?,Toothed Adson Tissue Forceps
Would you hand over the Toothed,Toothed Adson Tissue Forceps
Is the Toothed ready?,Toothed Adson Tissue Forceps
Is the Toothed ready,Toothed Adson Tissue Forceps
Are the Toothed on the tray?,Toothed Adson Tissue Forceps
Are the Toothed on the tray,Toothed Adson Tissue Forceps
Did you prep the Toothed?,Toothed Adson Tissue Forceps
Did you prep the Toothed,Toothed Adson Tissue Forceps
Have you got the Toothed,Toothed Adson Tissue Forceps
Have you got the Toothed?,Toothed Adson Tissue Forceps
Lets use the Toothed.,Toothed Adson Tissue Forceps
Ill take the Toothed now.,Toothed Adson Tissue Forceps
We need the Toothed for this,Toothed Adson Tissue Forceps
Toothed now!,Toothed Adson Tissue Forceps
"Quick, pass the Toothed",Toothed Adson Tissue Forceps
Probe Eye,Probe with Eye
Eye Prove,Probe with Eye
Probe with Eye,Probe with Eye
Eye Prove,Probe with Eye
Probe with Eye,Probe with Eye
probe with eye,Probe with Eye
PROBE WITH EYE,Probe with Eye
prob with eye,Probe with Eye
prope with eye,Probe with Eye
probb with eye,Probe with Eye
probe with i,Probe with Eye
i,Probe with Eye
I probe,Probe with Eye
probe with ai,Probe with Eye
ai,Probe with Eye
probe with ey,Probe with Eye
probe eye,Probe with Eye
eye probe,Probe with Eye
probing ey,Probe with Eye
ey,Probe with Eye
prove ey,Probe with Eye
ey prove,Probe with Eye
 Eye,Probe with Eye
Pass me the Probe with Eye,Probe with Eye
Give me the Probe with Eye,Probe with Eye
Can I have the Probe with Eye?,Probe with Eye
Can I have the Probe with Eye,Probe with Eye
Hand me the Probe with Eye.,Probe with Eye
I need the Probe with Eye,Probe with Eye
"Probe with Eye, please",Probe with Eye
Bring the Probe with Eye.,Probe with Eye
Fetch the Probe with Eye,Probe with Eye
Get me the Probe with Eye.,Probe with Eye
Where are the Probe with Eye,Probe with Eye
Do you have the Probe with Eye,Probe with Eye
Do you have the Probe with Eye?,Probe with Eye
Could you pass the Probe with Eye?,Probe with Eye
Could you pass the Probe with Eye,Probe with Eye
Would you hand over the Probe with Eye?,Probe with Eye
Would you hand over the Probe with Eye,Probe with Eye
Is the Probe with Eye ready?,Probe with Eye
Is the Probe with Eye ready,Probe with Eye
Are the Probe with Eye on the tray?,Probe with Eye
Are the Probe with Eye on the tray,Probe with Eye
Did you prep the Probe with Eye?,Probe with Eye
Did you prep the Probe with Eye,Probe with Eye
Have you got the Probe with Eye,Probe with Eye
Have you got the Probe with Eye?,Probe with Eye
Lets use the Probe with Eye.,Probe with Eye
Ill take the Probe with Eye now.,Probe with Eye
We need the Probe with Eye for this,Probe with Eye
Probe with Eye now!,Probe with Eye
"Quick, pass the Probe with Eye",Probe with Eye
Eye Probe,Probe with Eye
Pass me the Eye Probe,Probe with Eye
Give me the Eye Probe,Probe with Eye
Can I have the Eye Probe?,Probe with Eye
Can I have the Eye Probe,Probe with Eye
Hand me the Eye Probe.,Probe with Eye
I need the Eye Probe,Probe with Eye
"Eye Probe, please",Probe with Eye
Bring the Eye Probe.,Probe with Eye
Fetch the Eye Probe,Probe with Eye
Get me the Eye Probe.,Probe with Eye
Where are the Eye Probe,Probe with Eye
Do you have the Eye Probe,Probe with Eye
Do you have the Eye Probe?,Probe with Eye
Could you pass the Eye Probe?,Probe with Eye
Could you pass the Eye Probe,Probe with Eye
Would you hand over the Eye Probe?,Probe with Eye
Would you hand over the Eye Probe,Probe with Eye
Is the Eye Probe ready?,Probe with Eye
Is the Eye Probe ready,Probe with Eye
Are the Eye Probe on the tray?,Probe with Eye
Are the Eye Probe on the tray,Probe with Eye
Did you prep the Eye Probe?,Probe with Eye
Did you prep the Eye Probe,Probe with Eye
Have you got the Eye Probe,Probe with Eye
Have you got the Eye Probe?,Probe with Eye
Lets use the Eye Probe.,Probe with Eye
Ill take the Eye Probe now.,Probe with Eye
We need the Eye Probe for this,Probe with Eye
Eye Probe now!,Probe with Eye
"Quick, pass the Eye Probe",Probe with Eye
Scalpel Handle No. 3,Scalpel Handle No. 3
number 3,Scalpel Handle No. 3
No. 3,Scalpel Handle No. 3
Handle No. 3,Scalpel Handle No. 3
Number 3,Scalpel Handle No. 3
NUMBER3,Scalpel Handle No. 3
NUMBER 3,Scalpel Handle No. 3
num3,Scalpel Handle No. 3
num 3,Scalpel Handle No. 3
scalpel handle no. 3,Scalpel Handle No. 3
SCALPEL HANDLE NO. 3,Scalpel Handle No. 3
scalpel handel no 3,Scalpel Handle No. 3
scalpel hundle no 3,Scalpel Handle No. 3
handle number 3,Scalpel Handle No. 3
hundle number 3,Scalpel Handle No. 3
surgical handle 3,Scalpel Handle No. 3
scalpul handle no 3,Scalpel Handle No. 3
scalpell handle no 3,Scalpel Handle No. 3
scar handle 3,Scalpel Handle No. 3
Tree,Scalpel Handle No. 3
THREE,Scalpel Handle No. 3
TREE,Scalpel Handle No. 3
three,Scalpel Handle No. 3
Scalpel No. 3,Scalpel Handle No. 3
Pass me the Scalpel Handle No. 3,Scalpel Handle No. 3
Give me the Scalpel Handle No. 3,Scalpel Handle No. 3
Can I have the Scalpel Handle No. 3?,Scalpel Handle No. 3
Can I have the Scalpel Handle No. 3,Scalpel Handle No. 3
Hand me the Scalpel Handle No. 3.,Scalpel Handle No. 3
I need the Scalpel Handle No. 3,Scalpel Handle No. 3
"Scalpel Handle No. 3, please",Scalpel Handle No. 3
Bring the Scalpel Handle No. 3.,Scalpel Handle No. 3
Fetch the Scalpel Handle No. 3,Scalpel Handle No. 3
Get me the Scalpel Handle No. 3.,Scalpel Handle No. 3
Where are the Scalpel Handle No. 3,Scalpel Handle No. 3
Do you have the Scalpel Handle No. 3,Scalpel Handle No. 3
Do you have the Scalpel Handle No. 3?,Scalpel Handle No. 3
Could you pass the Scalpel Handle No. 3?,Scalpel Handle No. 3
Could you pass the Scalpel Handle No. 3,Scalpel Handle No. 3
Would you hand over the Scalpel Handle No. 3?,Scalpel Handle No. 3
Would you hand over the Scalpel Handle No. 3,Scalpel Handle No. 3
Is the Scalpel Handle No. 3 ready?,Scalpel Handle No. 3
Is the Scalpel Handle No. 3 ready,Scalpel Handle No. 3
Are the Scalpel Handle No. 3 on the tray?,Scalpel Handle No. 3
Are the Scalpel Handle No. 3 on the tray,Scalpel Handle No. 3
Did you prep the Scalpel Handle No. 3?,Scalpel Handle No. 3
Did you prep the Scalpel Handle No. 3,Scalpel Handle No. 3
Have you got the Scalpel Handle No. 3,Scalpel Handle No. 3
Have you got the Scalpel Handle No. 3?,Scalpel Handle No. 3
Lets use the Scalpel Handle No. 3.,Scalpel Handle No. 3
Ill take the Scalpel Handle No. 3 now.,Scalpel Handle No. 3
We need the Scalpel Handle No. 3 for this,Scalpel Handle No. 3
Scalpel Handle No. 3 now!,Scalpel Handle No. 3
"Quick, pass the Scalpel Handle No. 3",Scalpel Handle No. 3
Scalpel No. 3,Scalpel Handle No. 3
Pass me the Scalpel No. 3,Scalpel Handle No. 3
Give me the Scalpel No. 3,Scalpel Handle No. 3
Can I have the Scalpel No. 3?,Scalpel Handle No. 3
Can I have the Scalpel No. 3,Scalpel Handle No. 3
Hand me the Scalpel No. 3.,Scalpel Handle No. 3
I need the Scalpel No. 3,Scalpel Handle No. 3
"Scalpel No. 3, please",Scalpel Handle No. 3
Bring the Scalpel No. 3.,Scalpel Handle No. 3
Fetch the Scalpel No. 3,Scalpel Handle No. 3
Get me the Scalpel No. 3.,Scalpel Handle No. 3
Where are the Scalpel No. 3,Scalpel Handle No. 3
Do you have the Scalpel No. 3,Scalpel Handle No. 3
Do you have the Scalpel No. 3?,Scalpel Handle No. 3
Could you pass the Scalpel No. 3?,Scalpel Handle No. 3
Could you pass the Scalpel No. 3,Scalpel Handle No. 3
Would you hand over the Scalpel No. 3?,Scalpel Handle No. 3
Would you hand over the Scalpel No. 3,Scalpel Handle No. 3
Is the Scalpel No. 3 ready?,Scalpel Handle No. 3
Is the Scalpel No. 3 ready,Scalpel Handle No. 3
Are the Scalpel No. 3 on the tray?,Scalpel Handle No. 3
Are the Scalpel No. 3 on the tray,Scalpel Handle No. 3
Did you prep the Scalpel No. 3?,Scalpel Handle No. 3
Did you prep the Scalpel No. 3,Scalpel Handle No. 3
Have you got the Scalpel No. 3,Scalpel Handle No. 3
Have you got the Scalpel No. 3?,Scalpel Handle No. 3
Lets use the Scalpel No. 3.,Scalpel Handle No. 3
Ill take the Scalpel No. 3 now.,Scalpel Handle No. 3
We need the Scalpel No. 3 for this,Scalpel Handle No. 3
Scalpel No. 3 now!,Scalpel Handle No. 3
"Quick, pass the Scalpel No. 3",Scalpel Handle No. 3
Handle No. 3,Scalpel Handle No. 3
Pass me the Handle No. 3,Scalpel Handle No. 3
Give me the Handle No. 3,Scalpel Handle No. 3
Can I have the Handle No. 3?,Scalpel Handle No. 3
Can I have the Handle No. 3,Scalpel Handle No. 3
Hand me the Handle No. 3.,Scalpel Handle No. 3
I need the Handle No. 3,Scalpel Handle No. 3
"Handle No. 3, please",Scalpel Handle No. 3
Bring the Handle No. 3.,Scalpel Handle No. 3
Fetch the Handle No. 3,Scalpel Handle No. 3
Get me the Handle No. 3.,Scalpel Handle No. 3
Where are the Handle No. 3,Scalpel Handle No. 3
Do you have the Handle No. 3,Scalpel Handle No. 3
Do you have the Handle No. 3?,Scalpel Handle No. 3
Could you pass the Handle No. 3?,Scalpel Handle No. 3
Could you pass the Handle No. 3,Scalpel Handle No. 3
Would you hand over the Handle No. 3?,Scalpel Handle No. 3
Would you hand over the Handle No. 3,Scalpel Handle No. 3
Is the Handle No. 3 ready?,Scalpel Handle No. 3
Is the Handle No. 3 ready,Scalpel Handle No. 3
Are the Handle No. 3 on the tray?,Scalpel Handle No. 3
Are the Handle No. 3 on the tray,Scalpel Handle No. 3
Did you prep the Handle No. 3?,Scalpel Handle No. 3
Did you prep the Handle No. 3,Scalpel Handle No. 3
Have you got the Handle No. 3,Scalpel Handle No. 3
Have you got the Handle No. 3?,Scalpel Handle No. 3
Lets use the Handle No. 3.,Scalpel Handle No. 3
Ill take the Handle No. 3 now.,Scalpel Handle No. 3
We need the Handle No. 3 for this,Scalpel Handle No. 3
Handle No. 3 now!,Scalpel Handle No. 3
"Quick, pass the Handle No. 3",Scalpel Handle No. 3
No. 3,Scalpel Handle No. 3
Pass me the No. 3,Scalpel Handle No. 3
Give me the No. 3,Scalpel Handle No. 3
Can I have the No. 3?,Scalpel Handle No. 3
Can I have the No. 3,Scalpel Handle No. 3
Hand me the No. 3.,Scalpel Handle No. 3
I need the No. 3,Scalpel Handle No. 3
"No. 3, please",Scalpel Handle No. 3
Bring the No. 3.,Scalpel Handle No. 3
Fetch the No. 3,Scalpel Handle No. 3
Get me the No. 3.,Scalpel Handle No. 3
Where are the No. 3,Scalpel Handle No. 3
Do you have the No. 3,Scalpel Handle No. 3
Do you have the No. 3?,Scalpel Handle No. 3
Could you pass the No. 3?,Scalpel Handle No. 3
Could you pass the No. 3,Scalpel Handle No. 3
Would you hand over the No. 3?,Scalpel Handle No. 3
Would you hand over the No. 3,Scalpel Handle No. 3
Is the No. 3 ready?,Scalpel Handle No. 3
Is the No. 3 ready,Scalpel Handle No. 3
Are the No. 3 on the tray?,Scalpel Handle No. 3
Are the No. 3 on the tray,Scalpel Handle No. 3
Did you prep the No. 3?,Scalpel Handle No. 3
Did you prep the No. 3,Scalpel Handle No. 3
Have you got the No. 3,Scalpel Handle No. 3
Have you got the No. 3?,Scalpel Handle No. 3
Lets use the No. 3.,Scalpel Handle No. 3
Ill take the No. 3 now.,Scalpel Handle No. 3
We need the No. 3 for this,Scalpel Handle No. 3
No. 3 now!,Scalpel Handle No. 3
"Quick, pass the No. 3",Scalpel Handle No. 3
Scalpel Handle No. 4,Scalpel Handle No. 4
Scalpel  No. 4,Scalpel Handle No. 4
Handle No. 4,Scalpel Handle No. 4
NUMBER 4,Scalpel Handle No. 4
number four,Scalpel Handle No. 4
number for,Scalpel Handle No. 4
for,Scalpel Handle No. 4
Number 4,Scalpel Handle No. 4
scalpel handle no. 4,Scalpel Handle No. 4
SCALPEL HANDLE NO. 4,Scalpel Handle No. 4
scalpel handel no 4,Scalpel Handle No. 4
scalpel hundle no 4,Scalpel Handle No. 4
surgical handle 4,Scalpel Handle No. 4
scalpul handle no 4,Scalpel Handle No. 4
calpell handle no 4,Scalpel Handle No. 4
scapell handle number 4,Scalpel Handle No. 4
sapell hundle number 4,Scalpel Handle No. 4
handle number four,Scalpel Handle No. 4
handle four,Scalpel Handle No. 4
HANDLE FOUR,Scalpel Handle No. 4
HANDLE FOR,Scalpel Handle No. 4
FOOUR,Scalpel Handle No. 4
No. 4,Scalpel Handle No. 4
Pass me the Scalpel Handle No. 4,Scalpel Handle No. 4
Give me the Scalpel Handle No. 4,Scalpel Handle No. 4
Can I have the Scalpel Handle No. 4?,Scalpel Handle No. 4
Can I have the Scalpel Handle No. 4,Scalpel Handle No. 4
Hand me the Scalpel Handle No. 4.,Scalpel Handle No. 4
I need the Scalpel Handle No. 4,Scalpel Handle No. 4
"Scalpel Handle No. 4, please",Scalpel Handle No. 4
Bring the Scalpel Handle No. 4.,Scalpel Handle No. 4
Fetch the Scalpel Handle No. 4,Scalpel Handle No. 4
Get me the Scalpel Handle No. 4.,Scalpel Handle No. 4
Where are the Scalpel Handle No. 4,Scalpel Handle No. 4
Do you have the Scalpel Handle No. 4,Scalpel Handle No. 4
Do you have the Scalpel Handle No. 4?,Scalpel Handle No. 4
Could you pass the Scalpel Handle No. 4?,Scalpel Handle No. 4
Could you pass the Scalpel Handle No. 4,Scalpel Handle No. 4
Would you hand over the Scalpel Handle No. 4?,Scalpel Handle No. 4
Would you hand over the Scalpel Handle No. 4,Scalpel Handle No. 4
Is the Scalpel Handle No. 4 ready?,Scalpel Handle No. 4
Is the Scalpel Handle No. 4 ready,Scalpel Handle No. 4
Are the Scalpel Handle No. 4 on the tray?,Scalpel Handle No. 4
Are the Scalpel Handle No. 4 on the tray,Scalpel Handle No. 4
Did you prep the Scalpel Handle No. 4?,Scalpel Handle No. 4
Did you prep the Scalpel Handle No. 4,Scalpel Handle No. 4
Have you got the Scalpel Handle No. 4,Scalpel Handle No. 4
Have you got the Scalpel Handle No. 4?,Scalpel Handle No. 4
Lets use the Scalpel Handle No. 4.,Scalpel Handle No. 4
Ill take the Scalpel Handle No. 4 now.,Scalpel Handle No. 4
We need the Scalpel Handle No. 4 for this,Scalpel Handle No. 4
Scalpel Handle No. 4 now!,Scalpel Handle No. 4
"Quick, pass the Scalpel Handle No. 4",Scalpel Handle No. 4
Scalpel No. 4,Scalpel Handle No. 4
Pass me the Scalpel No. 4,Scalpel Handle No. 4
Give me the Scalpel No. 4,Scalpel Handle No. 4
Can I have the Scalpel No. 4?,Scalpel Handle No. 4
Can I have the Scalpel No. 4,Scalpel Handle No. 4
Hand me the Scalpel No. 4.,Scalpel Handle No. 4
I need the Scalpel No. 4,Scalpel Handle No. 4
"Scalpel No. 4, please",Scalpel Handle No. 4
Bring the Scalpel No. 4.,Scalpel Handle No. 4
Fetch the Scalpel No. 4,Scalpel Handle No. 4
Get me the Scalpel No. 4.,Scalpel Handle No. 4
Where are the Scalpel No. 4,Scalpel Handle No. 4
Do you have the Scalpel No. 4,Scalpel Handle No. 4
Do you have the Scalpel No. 4?,Scalpel Handle No. 4
Could you pass the Scalpel No. 4?,Scalpel Handle No. 4
Could you pass the Scalpel No. 4,Scalpel Handle No. 4
Would you hand over the Scalpel No. 4?,Scalpel Handle No. 4
Would you hand over the Scalpel No. 4,Scalpel Handle No. 4
Is the Scalpel No. 4 ready?,Scalpel Handle No. 4
Is the Scalpel No. 4 ready,Scalpel Handle No. 4
Are the Scalpel No. 4 on the tray?,Scalpel Handle No. 4
Are the Scalpel No. 4 on the tray,Scalpel Handle No. 4
Did you prep the Scalpel No. 4?,Scalpel Handle No. 4
Did you prep the Scalpel No. 4,Scalpel Handle No. 4
Have you got the Scalpel No. 4,Scalpel Handle No. 4
Have you got the Scalpel No. 4?,Scalpel Handle No. 4
Lets use the Scalpel No. 4.,Scalpel Handle No. 4
Ill take the Scalpel No. 4 now.,Scalpel Handle No. 4
We need the Scalpel No. 4 for this,Scalpel Handle No. 4
Scalpel No. 4 now!,Scalpel Handle No. 4
"Quick, pass the Scalpel No. 4",Scalpel Handle No. 4
Handle No. 4,Scalpel Handle No. 4
Pass me the Handle No. 4,Scalpel Handle No. 4
Give me the Handle No. 4,Scalpel Handle No. 4
Can I have the Handle No. 4?,Scalpel Handle No. 4
Can I have the Handle No. 4,Scalpel Handle No. 4
Hand me the Handle No. 4.,Scalpel Handle No. 4
I need the Handle No. 4,Scalpel Handle No. 4
"Handle No. 4, please",Scalpel Handle No. 4
Bring the Handle No. 4.,Scalpel Handle No. 4
Fetch the Handle No. 4,Scalpel Handle No. 4
Get me the Handle No. 4.,Scalpel Handle No. 4
Where are the Handle No. 4,Scalpel Handle No. 4
Do you have the Handle No. 4,Scalpel Handle No. 4
Do you have the Handle No. 4?,Scalpel Handle No. 4
Could you pass the Handle No. 4?,Scalpel Handle No. 4
Could you pass the Handle No. 4,Scalpel Handle No. 4
Would you hand over the Handle No. 4?,Scalpel Handle No. 4
Would you hand over the Handle No. 4,Scalpel Handle No. 4
Is the Handle No. 4 ready?,Scalpel Handle No. 4
Is the Handle No. 4 ready,Scalpel Handle No. 4
Are the Handle No. 4 on the tray?,Scalpel Handle No. 4
Are the Handle No. 4 on the tray,Scalpel Handle No. 4
Did you prep the Handle No. 4?,Scalpel Handle No. 4
Did you prep the Handle No. 4,Scalpel Handle No. 4
Have you got the Handle No. 4,Scalpel Handle No. 4
Have you got the Handle No. 4?,Scalpel Handle No. 4
Lets use the Handle No. 4.,Scalpel Handle No. 4
Ill take the Handle No. 4 now.,Scalpel Handle No. 4
We need the Handle No. 4 for this,Scalpel Handle No. 4
Handle No. 4 now!,Scalpel Handle No. 4
"Quick, pass the Handle No. 4",Scalpel Handle No. 4
No. 4,Scalpel Handle No. 4
Pass me the No. 4,Scalpel Handle No. 4
Give me the No. 4,Scalpel Handle No. 4
Can I have the No. 4?,Scalpel Handle No. 4
Can I have the No. 4,Scalpel Handle No. 4
Hand me the No. 4.,Scalpel Handle No. 4
I need the No. 4,Scalpel Handle No. 4
"No. 4, please",Scalpel Handle No. 4
Bring the No. 4.,Scalpel Handle No. 4
Fetch the No. 4,Scalpel Handle No. 4
Get me the No. 4.,Scalpel Handle No. 4
Where are the No. 4,Scalpel Handle No. 4
Do you have the No. 4,Scalpel Handle No. 4
Do you have the No. 4?,Scalpel Handle No. 4
Could you pass the No. 4?,Scalpel Handle No. 4
Could you pass the No. 4,Scalpel Handle No. 4
Would you hand over the No. 4?,Scalpel Handle No. 4
Would you hand over the No. 4,Scalpel Handle No. 4
Is the No. 4 ready?,Scalpel Handle No. 4
Is the No. 4 ready,Scalpel Handle No. 4
Are the No. 4 on the tray?,Scalpel Handle No. 4
Are the No. 4 on the tray,Scalpel Handle No. 4
Did you prep the No. 4?,Scalpel Handle No. 4
Did you prep the No. 4,Scalpel Handle No. 4
Have you got the No. 4,Scalpel Handle No. 4
Have you got the No. 4?,Scalpel Handle No. 4
Lets use the No. 4.,Scalpel Handle No. 4
Ill take the No. 4 now.,Scalpel Handle No. 4
We need the No. 4 for this,Scalpel Handle No. 4
No. 4 now!,Scalpel Handle No. 4
"Quick, pass the No. 4",Scalpel Handle No. 4
,Scalpel Handle No. 4
,Scalpel Handle No. 4
